{
  "model_name": "EleutherAI/pythia-160m-deduped",
  "concept": "polite",
  "steering_layers_tested": [
    4,
    6,
    7,
    8,
    9
  ],
  "per_layer_summary": {
    "4": {
      "steering_layer": 4,
      "empirical_thresholds": {
        "95.0": 0.04840240627527237,
        "99.0": 0.06709228456020355
      },
      "per_threshold_analysis": {
        "0.1": {
          "mean_fraction_above": 0.70166666743656,
          "all_above_count": 8
        },
        "0.3": {
          "mean_fraction_above": 0.5672222403809428,
          "all_above_count": 0
        },
        "0.5": {
          "mean_fraction_above": 0.5661111297085881,
          "all_above_count": 0
        },
        "0.7": {
          "mean_fraction_above": 0.33388889984538156,
          "all_above_count": 0
        },
        "0.9": {
          "mean_fraction_above": 0.11444444706042607,
          "all_above_count": 0
        }
      }
    },
    "6": {
      "steering_layer": 6,
      "empirical_thresholds": {
        "95.0": 0.04513702541589737,
        "99.0": 0.09821715950965881
      },
      "per_threshold_analysis": {
        "0.1": {
          "mean_fraction_above": 0.5244444459676743,
          "all_above_count": 6
        },
        "0.3": {
          "mean_fraction_above": 0.40333334915339947,
          "all_above_count": 0
        },
        "0.5": {
          "mean_fraction_above": 0.40333334915339947,
          "all_above_count": 0
        },
        "0.7": {
          "mean_fraction_above": 0.40333334915339947,
          "all_above_count": 0
        },
        "0.9": {
          "mean_fraction_above": 0.12000000476837158,
          "all_above_count": 0
        }
      }
    },
    "7": {
      "steering_layer": 7,
      "empirical_thresholds": {
        "95.0": 0.01010818500071764,
        "99.0": 0.027164001017808914
      },
      "per_threshold_analysis": {
        "0.1": {
          "mean_fraction_above": 0.4166666666666667,
          "all_above_count": 5
        },
        "0.3": {
          "mean_fraction_above": 0.25,
          "all_above_count": 3
        },
        "0.5": {
          "mean_fraction_above": 0.16666666666666666,
          "all_above_count": 2
        },
        "0.7": {
          "mean_fraction_above": 0.08333333333333333,
          "all_above_count": 1
        },
        "0.9": {
          "mean_fraction_above": 0.0,
          "all_above_count": 0
        }
      }
    },
    "8": {
      "steering_layer": 8,
      "empirical_thresholds": {
        "95.0": 0.021991729736328125,
        "99.0": 0.07463867217302322
      },
      "per_threshold_analysis": {
        "0.1": {
          "mean_fraction_above": 0.3333333333333333,
          "all_above_count": 4
        },
        "0.3": {
          "mean_fraction_above": 0.3333333333333333,
          "all_above_count": 4
        },
        "0.5": {
          "mean_fraction_above": 0.2222222238779068,
          "all_above_count": 2
        },
        "0.7": {
          "mean_fraction_above": 0.055555557211240135,
          "all_above_count": 0
        },
        "0.9": {
          "mean_fraction_above": 0.0,
          "all_above_count": 0
        }
      }
    },
    "9": {
      "steering_layer": 9,
      "empirical_thresholds": {
        "95.0": 0.04715576022863388,
        "99.0": 0.06292724609375
      },
      "per_threshold_analysis": {
        "0.1": {
          "mean_fraction_above": 0.25,
          "all_above_count": 3
        },
        "0.3": {
          "mean_fraction_above": 0.25,
          "all_above_count": 3
        },
        "0.5": {
          "mean_fraction_above": 0.25,
          "all_above_count": 3
        },
        "0.7": {
          "mean_fraction_above": 0.16666666666666666,
          "all_above_count": 2
        },
        "0.9": {
          "mean_fraction_above": 0.0,
          "all_above_count": 0
        }
      }
    }
  }
}