{
  "model_name": "EleutherAI/pythia-410m-deduped",
  "concept": "sentiment",
  "steering_layers_tested": [
    9,
    12,
    14,
    16,
    18
  ],
  "per_layer_summary": {
    "9": {
      "steering_layer": 9,
      "empirical_thresholds": {
        "95.0": 0.15308228135108948,
        "99.0": 0.183349609375
      },
      "per_threshold_analysis": {
        "0.1": {
          "mean_fraction_above": 0.8045833390206099,
          "all_above_count": 17
        },
        "0.3": {
          "mean_fraction_above": 0.6130833576122919,
          "all_above_count": 2
        },
        "0.5": {
          "mean_fraction_above": 0.6121666928132375,
          "all_above_count": 1
        },
        "0.7": {
          "mean_fraction_above": 0.4443333539238665,
          "all_above_count": 0
        },
        "0.9": {
          "mean_fraction_above": 0.16791667777579278,
          "all_above_count": 0
        }
      }
    },
    "12": {
      "steering_layer": 12,
      "empirical_thresholds": {
        "95.0": 0.12573853135108948,
        "99.0": 0.1676037609577179
      },
      "per_threshold_analysis": {
        "0.1": {
          "mean_fraction_above": 0.7031666771411741,
          "all_above_count": 12
        },
        "0.3": {
          "mean_fraction_above": 0.495833362142245,
          "all_above_count": 2
        },
        "0.5": {
          "mean_fraction_above": 0.49541669835646945,
          "all_above_count": 1
        },
        "0.7": {
          "mean_fraction_above": 0.3450833572618042,
          "all_above_count": 0
        },
        "0.9": {
          "mean_fraction_above": 0.1249166722021376,
          "all_above_count": 0
        }
      }
    },
    "14": {
      "steering_layer": 14,
      "empirical_thresholds": {
        "95.0": 0.08917236328125,
        "99.0": 0.1318359375
      },
      "per_threshold_analysis": {
        "0.1": {
          "mean_fraction_above": 0.6979166666666666,
          "all_above_count": 10
        },
        "0.3": {
          "mean_fraction_above": 0.16666666666666666,
          "all_above_count": 2
        },
        "0.5": {
          "mean_fraction_above": 0.13541666666666666,
          "all_above_count": 1
        },
        "0.7": {
          "mean_fraction_above": 0.13541666666666666,
          "all_above_count": 1
        },
        "0.9": {
          "mean_fraction_above": 0.08333333333333333,
          "all_above_count": 0
        }
      }
    },
    "16": {
      "steering_layer": 16,
      "empirical_thresholds": {
        "95.0": 0.18787232041358948,
        "99.0": 0.3037133812904358
      },
      "per_threshold_analysis": {
        "0.1": {
          "mean_fraction_above": 0.60326087474823,
          "all_above_count": 9
        },
        "0.3": {
          "mean_fraction_above": 0.5126811576386293,
          "all_above_count": 8
        },
        "0.5": {
          "mean_fraction_above": 0.23550725479920706,
          "all_above_count": 2
        },
        "0.7": {
          "mean_fraction_above": 0.21920290837685266,
          "all_above_count": 1
        },
        "0.9": {
          "mean_fraction_above": 0.09601449687033892,
          "all_above_count": 0
        }
      }
    },
    "18": {
      "steering_layer": 18,
      "empirical_thresholds": {
        "95.0": 0.19154052436351776,
        "99.0": 0.2666015625
      },
      "per_threshold_analysis": {
        "0.1": {
          "mean_fraction_above": 0.6678921623776356,
          "all_above_count": 8
        },
        "0.3": {
          "mean_fraction_above": 0.25,
          "all_above_count": 6
        },
        "0.5": {
          "mean_fraction_above": 0.24754902720451355,
          "all_above_count": 2
        },
        "0.7": {
          "mean_fraction_above": 0.24693628400564194,
          "all_above_count": 1
        },
        "0.9": {
          "mean_fraction_above": 0.1243872606040289,
          "all_above_count": 0
        }
      }
    }
  }
}