{
  "model_name": "EleutherAI/pythia-160m-deduped",
  "concept": "sentiment",
  "steering_layers_tested": [
    4,
    6,
    7,
    8,
    9
  ],
  "per_layer_summary": {
    "4": {
      "steering_layer": 4,
      "empirical_thresholds": {
        "95.0": 0.035858154296875,
        "99.0": 0.058746337890625
      },
      "per_threshold_analysis": {
        "0.1": {
          "mean_fraction_above": 0.9945946335792542,
          "all_above_count": 0
        },
        "0.3": {
          "mean_fraction_above": 0.6324324607849121,
          "all_above_count": 0
        },
        "0.5": {
          "mean_fraction_above": 0.6243243217468262,
          "all_above_count": 0
        },
        "0.7": {
          "mean_fraction_above": 0.6135135293006897,
          "all_above_count": 0
        },
        "0.9": {
          "mean_fraction_above": 0.6081081032752991,
          "all_above_count": 0
        }
      }
    },
    "6": {
      "steering_layer": 6,
      "empirical_thresholds": {
        "95.0": 0.09808959811925888,
        "99.0": 0.1796875
      },
      "per_threshold_analysis": {
        "0.1": {
          "mean_fraction_above": 1.0,
          "all_above_count": 1
        },
        "0.3": {
          "mean_fraction_above": 0.48000001907348633,
          "all_above_count": 0
        },
        "0.5": {
          "mean_fraction_above": 0.4240000247955322,
          "all_above_count": 0
        },
        "0.7": {
          "mean_fraction_above": 0.398000031709671,
          "all_above_count": 0
        },
        "0.9": {
          "mean_fraction_above": 0.3680000305175781,
          "all_above_count": 0
        }
      }
    },
    "7": {
      "steering_layer": 7,
      "empirical_thresholds": {
        "95.0": 0.0916748046875,
        "99.0": 0.1506665050983429
      },
      "per_threshold_analysis": {
        "0.1": {
          "mean_fraction_above": 1.0,
          "all_above_count": 1
        },
        "0.3": {
          "mean_fraction_above": 0.771134078502655,
          "all_above_count": 0
        },
        "0.5": {
          "mean_fraction_above": 0.4309278428554535,
          "all_above_count": 0
        },
        "0.7": {
          "mean_fraction_above": 0.3731958866119385,
          "all_above_count": 0
        },
        "0.9": {
          "mean_fraction_above": 0.34226804971694946,
          "all_above_count": 0
        }
      }
    },
    "8": {
      "steering_layer": 8,
      "empirical_thresholds": {
        "95.0": 0.07080078125,
        "99.0": 0.10046447813510895
      },
      "per_threshold_analysis": {
        "0.1": {
          "mean_fraction_above": 1.0,
          "all_above_count": 1
        },
        "0.3": {
          "mean_fraction_above": 0.7094594836235046,
          "all_above_count": 0
        },
        "0.5": {
          "mean_fraction_above": 0.7094594836235046,
          "all_above_count": 0
        },
        "0.7": {
          "mean_fraction_above": 0.7094594836235046,
          "all_above_count": 0
        },
        "0.9": {
          "mean_fraction_above": 0.7094594836235046,
          "all_above_count": 0
        }
      }
    },
    "9": {
      "steering_layer": 9,
      "empirical_thresholds": {
        "95.0": 0.1500244140625,
        "99.0": 0.20595824718475342
      },
      "per_threshold_analysis": {
        "0.1": {
          "mean_fraction_above": 1.0,
          "all_above_count": 1
        },
        "0.3": {
          "mean_fraction_above": 1.0,
          "all_above_count": 1
        },
        "0.5": {
          "mean_fraction_above": 0.9890350699424744,
          "all_above_count": 0
        },
        "0.7": {
          "mean_fraction_above": 0.9649122953414917,
          "all_above_count": 0
        },
        "0.9": {
          "mean_fraction_above": 0.9605263471603394,
          "all_above_count": 0
        }
      }
    }
  }
}