{
  "model_name": "EleutherAI/pythia-70m-deduped",
  "concept": "sentiment",
  "steering_layers_tested": [
    2,
    3,
    4
  ],
  "per_layer_summary": {
    "2": {
      "steering_layer": 2,
      "empirical_thresholds": {
        "95.0": 0.44801026582717896,
        "99.0": 0.6167187690734863
      },
      "per_threshold_analysis": {
        "0.1": {
          "mean_fraction_above": 1.0,
          "all_above_count": 6
        },
        "0.3": {
          "mean_fraction_above": 0.8153333428005377,
          "all_above_count": 4
        },
        "0.5": {
          "mean_fraction_above": 0.5073333337592582,
          "all_above_count": 3
        },
        "0.7": {
          "mean_fraction_above": 0.5003333333491659,
          "all_above_count": 3
        },
        "0.9": {
          "mean_fraction_above": 0.4883333444595337,
          "all_above_count": 2
        }
      }
    },
    "3": {
      "steering_layer": 3,
      "empirical_thresholds": {
        "95.0": 0.55029296875,
        "99.0": 0.7036328315734863
      },
      "per_threshold_analysis": {
        "0.1": {
          "mean_fraction_above": 1.0,
          "all_above_count": 6
        },
        "0.3": {
          "mean_fraction_above": 0.9050000111262003,
          "all_above_count": 4
        },
        "0.5": {
          "mean_fraction_above": 0.6420000102370977,
          "all_above_count": 2
        },
        "0.7": {
          "mean_fraction_above": 0.49566667441589135,
          "all_above_count": 2
        },
        "0.9": {
          "mean_fraction_above": 0.3333333333333333,
          "all_above_count": 2
        }
      }
    },
    "4": {
      "steering_layer": 4,
      "empirical_thresholds": {
        "95.0": 0.27003175020217896,
        "99.0": 0.3724121153354645
      },
      "per_threshold_analysis": {
        "0.1": {
          "mean_fraction_above": 1.0,
          "all_above_count": 6
        },
        "0.3": {
          "mean_fraction_above": 0.6986666917800903,
          "all_above_count": 1
        },
        "0.5": {
          "mean_fraction_above": 0.1673333333649983,
          "all_above_count": 1
        },
        "0.7": {
          "mean_fraction_above": 0.16666666666666666,
          "all_above_count": 1
        },
        "0.9": {
          "mean_fraction_above": 0.10233333706855774,
          "all_above_count": 0
        }
      }
    }
  }
}