{
  "model_name": "EleutherAI/pythia-160m-deduped",
  "concept": "sentiment",
  "steering_layers_tested": [
    4,
    6,
    7,
    8,
    9
  ],
  "per_layer_summary": {
    "4": {
      "steering_layer": 4,
      "empirical_thresholds": {
        "95.0": 0.126220703125,
        "99.0": 0.14918090403079987
      },
      "per_threshold_analysis": {
        "0.1": {
          "mean_fraction_above": 0.6716666665549079,
          "all_above_count": 8
        },
        "0.3": {
          "mean_fraction_above": 0.5666666853552064,
          "all_above_count": 0
        },
        "0.5": {
          "mean_fraction_above": 0.3400000121134023,
          "all_above_count": 0
        },
        "0.7": {
          "mean_fraction_above": 0.1561111162106196,
          "all_above_count": 0
        },
        "0.9": {
          "mean_fraction_above": 0.06222222248713175,
          "all_above_count": 0
        }
      }
    },
    "6": {
      "steering_layer": 6,
      "empirical_thresholds": {
        "95.0": 0.14942626655101776,
        "99.0": 0.17726440727710724
      },
      "per_threshold_analysis": {
        "0.1": {
          "mean_fraction_above": 0.5194444476316372,
          "all_above_count": 4
        },
        "0.3": {
          "mean_fraction_above": 0.41000000791003305,
          "all_above_count": 0
        },
        "0.5": {
          "mean_fraction_above": 0.40388889610767365,
          "all_above_count": 0
        },
        "0.7": {
          "mean_fraction_above": 0.12111111481984456,
          "all_above_count": 0
        },
        "0.9": {
          "mean_fraction_above": 0.020555555820465088,
          "all_above_count": 0
        }
      }
    },
    "7": {
      "steering_layer": 7,
      "empirical_thresholds": {
        "95.0": 0.3149780333042145,
        "99.0": 0.3444873094558716
      },
      "per_threshold_analysis": {
        "0.1": {
          "mean_fraction_above": 0.8911111156145731,
          "all_above_count": 9
        },
        "0.3": {
          "mean_fraction_above": 0.42277777815858525,
          "all_above_count": 4
        },
        "0.5": {
          "mean_fraction_above": 0.2588888918980956,
          "all_above_count": 0
        },
        "0.7": {
          "mean_fraction_above": 0.1883333350221316,
          "all_above_count": 0
        },
        "0.9": {
          "mean_fraction_above": 0.012777778009573618,
          "all_above_count": 0
        }
      }
    },
    "8": {
      "steering_layer": 8,
      "empirical_thresholds": {
        "95.0": 0.46729737520217896,
        "99.0": 0.51171875
      },
      "per_threshold_analysis": {
        "0.1": {
          "mean_fraction_above": 1.0,
          "all_above_count": 12
        },
        "0.3": {
          "mean_fraction_above": 0.4561111209914088,
          "all_above_count": 3
        },
        "0.5": {
          "mean_fraction_above": 0.24666667294998965,
          "all_above_count": 1
        },
        "0.7": {
          "mean_fraction_above": 0.2244444489479065,
          "all_above_count": 0
        },
        "0.9": {
          "mean_fraction_above": 0.09555555631717046,
          "all_above_count": 0
        }
      }
    },
    "9": {
      "steering_layer": 9,
      "empirical_thresholds": {
        "95.0": 0.4189453125,
        "99.0": 0.45975586771965027
      },
      "per_threshold_analysis": {
        "0.1": {
          "mean_fraction_above": 1.0,
          "all_above_count": 12
        },
        "0.3": {
          "mean_fraction_above": 0.25,
          "all_above_count": 3
        },
        "0.5": {
          "mean_fraction_above": 0.16666666666666666,
          "all_above_count": 2
        },
        "0.7": {
          "mean_fraction_above": 0.0,
          "all_above_count": 0
        },
        "0.9": {
          "mean_fraction_above": 0.0,
          "all_above_count": 0
        }
      }
    }
  }
}